{
  "/rows": {
    "min": 1,
    "max": 300,
    "value": 231.22999572753906
  },
  "/periodicFuncScale": {
    "min": 0.009999999776482582,
    "max": 10,
    "value": 1
  },
  "/cols": {
    "min": 1,
    "max": 3,
    "value": 2.6599998474121094
  },
  "/numFrames": {
    "min": 10,
    "max": 1000,
    "value": 683.2000122070312
  },
  "/offScl": {
    "min": 0.0010000000474974513,
    "max": 0.014999999664723873,
    "value": 0.003380000125616789
  },
  "/sliderSeed": {
    "min": 10000,
    "max": 99999,
    "value": 10000
  },
  "/rad": {
    "min": 0.009999999776482582,
    "max": 5,
    "value": 0.20959998667240143
  },
  "/offMultX": {
    "min": 0,
    "max": 1000,
    "value": 470
  },
  "/offMultY": {
    "min": 0,
    "max": 1000,
    "value": 659.9999389648438
  },
  "/mx": {
    "min": 0.009999999776482582,
    "max": 1,
    "value": 0.7128999829292297
  },
  "/scl": {
    "min": 0.0010000000474974513,
    "max": 0.0989999994635582,
    "value": 0.017999999225139618
  },
  "/my": {
    "min": 0.009999999776482582,
    "max": 1,
    "value": 0.17830000817775726
  },
  "/bgFill": {
    "min": 0,
    "max": 255,
    "value": 81.5999984741211
  },
  "/dotSizePct": {
    "min": 0,
    "max": 0.009999999776482582,
    "value": 4.999999655410647E-4
  }
}