{
  "/rows": {
    "min": 1,
    "max": 20,
    "value": 4.230000019073486
  },
  "/periodicFuncScale": {
    "min": 0.009999999776482582,
    "max": 10,
    "value": 0.20979999005794525
  },
  "/cols": {
    "min": 1,
    "max": 20,
    "value": 4.420000076293945
  },
  "/numFrames": {
    "min": 10,
    "max": 1000,
    "value": 60
  },
  "/offScl": {
    "min": 0.0010000000474974513,
    "max": 0.014999999664723873,
    "value": 0.014999999664723873
  },
  "/sliderSeed": {
    "min": 10000,
    "max": 99999,
    "value": 30699.76953125
  },
  "/rad": {
    "min": 0.009999999776482582,
    "max": 5,
    "value": 3.1536998748779297
  },
  "/offMultX": {
    "min": 0,
    "max": 1000,
    "value": 120
  },
  "/offMultY": {
    "min": 0,
    "max": 1000,
    "value": 110
  },
  "/mx": {
    "min": 0.009999999776482582,
    "max": 1,
    "value": 0.20799998939037323
  },
  "/scl": {
    "min": 0.0010000000474974513,
    "max": 0.0989999994635582,
    "value": 0.04901999607682228
  },
  "/my": {
    "min": 0.009999999776482582,
    "max": 1,
    "value": 0.30699998140335083
  },
  "/bgFill": {
    "min": 0,
    "max": 255,
    "value": 66.29999542236328
  },
  "/dotSizePct": {
    "min": 0,
    "max": 0.009999999776482582,
    "value": 0.003299999749287963
  }
}