{
  "/rows": {
    "min": 1,
    "max": 300,
    "value": 177.4099884033203
  },
  "/periodicFuncScale": {
    "min": 0.009999999776482582,
    "max": 10,
    "value": 1
  },
  "/cols": {
    "min": 1,
    "max": 3,
    "value": 2.440000057220459
  },
  "/numFrames": {
    "min": 10,
    "max": 1000,
    "value": 600
  },
  "/offScl": {
    "min": 0.0010000000474974513,
    "max": 0.014999999664723873,
    "value": 0.014999999664723873
  },
  "/sliderSeed": {
    "min": 10000,
    "max": 99999,
    "value": 10000
  },
  "/rad": {
    "min": 0.009999999776482582,
    "max": 5,
    "value": 2.9041998386383057
  },
  "/offMultX": {
    "min": 0,
    "max": 1000,
    "value": 470
  },
  "/offMultY": {
    "min": 0,
    "max": 1000,
    "value": 199.99998474121094
  },
  "/mx": {
    "min": 0.009999999776482582,
    "max": 1,
    "value": 0.6237999796867371
  },
  "/scl": {
    "min": 0.0010000000474974513,
    "max": 0.0989999994635582,
    "value": 0.017999999225139618
  },
  "/my": {
    "min": 0.009999999776482582,
    "max": 1,
    "value": 0.7128999829292297
  },
  "/bgFill": {
    "min": 0,
    "max": 255,
    "value": 50
  },
  "/dotSizePct": {
    "min": 0,
    "max": 0.009999999776482582,
    "value": 0.0037999998312443495
  }
}