{
  "/rows": {
    "min": 1,
    "max": 300,
    "value": 72.76000213623047
  },
  "/periodicFuncScale": {
    "min": 0.009999999776482582,
    "max": 10,
    "value": 1.1088999509811401
  },
  "/cols": {
    "min": 1,
    "max": 300,
    "value": 48.84000015258789
  },
  "/numFrames": {
    "min": 10,
    "max": 1000,
    "value": 600
  },
  "/offScl": {
    "min": 0.0010000000474974513,
    "max": 0.014999999664723873,
    "value": 0.008979999460279942
  },
  "/sliderSeed": {
    "min": 10000,
    "max": 99999,
    "value": 43299.62890625
  },
  "/rad": {
    "min": 0.009999999776482582,
    "max": 5,
    "value": 0.009999999776482582
  },
  "/offMultX": {
    "min": 0,
    "max": 1000,
    "value": 320
  },
  "/offMultY": {
    "min": 0,
    "max": 1000,
    "value": 489.9999694824219
  },
  "/mx": {
    "min": 0.009999999776482582,
    "max": 1,
    "value": 0.6237999796867371
  },
  "/scl": {
    "min": 0.0010000000474974513,
    "max": 0.0989999994635582,
    "value": 0.011779999360442162
  },
  "/my": {
    "min": 0.009999999776482582,
    "max": 1,
    "value": 0.6039999723434448
  },
  "/bgFill": {
    "min": 0,
    "max": 255,
    "value": 255
  },
  "/dotSizePct": {
    "min": 0,
    "max": 0.009999999776482582,
    "value": 1.9999999494757503E-4
  }
}