{
  "/rows": {
    "min": 1,
    "max": 300,
    "value": 192.36000061035156
  },
  "/periodicFuncScale": {
    "min": 0.009999999776482582,
    "max": 10,
    "value": 7.602399826049805
  },
  "/cols": {
    "min": 1,
    "max": 300,
    "value": 189.3699951171875
  },
  "/numFrames": {
    "min": 10,
    "max": 1000,
    "value": 600
  },
  "/offScl": {
    "min": 0.0010000000474974513,
    "max": 0.014999999664723873,
    "value": 0.014999999664723873
  },
  "/sliderSeed": {
    "min": 10000,
    "max": 99999,
    "value": 68499.34375
  },
  "/rad": {
    "min": 0.009999999776482582,
    "max": 5,
    "value": 0.30939996242523193
  },
  "/offMultX": {
    "min": 0,
    "max": 1000,
    "value": 20
  },
  "/offMultY": {
    "min": 0,
    "max": 1000,
    "value": 30
  },
  "/mx": {
    "min": 0.009999999776482582,
    "max": 1,
    "value": 0.21790000796318054
  },
  "/scl": {
    "min": 0.0010000000474974513,
    "max": 0.0989999994635582,
    "value": 0.008839999325573444
  },
  "/my": {
    "min": 0.009999999776482582,
    "max": 1,
    "value": 0.287200003862381
  },
  "/bgFill": {
    "min": 0,
    "max": 255,
    "value": 58.64999771118164
  },
  "/dotSizePct": {
    "min": 0,
    "max": 0.009999999776482582,
    "value": 2.9999998514540493E-4
  }
}