{
  "/ani1Start": {
    "min": 0,
    "max": 1,
    "value": 0
  },
  "/aFillMix": {
    "min": 0,
    "max": 1,
    "value": 0
  },
  "/ani2trans": {"value": 2},
  "/rows": {
    "min": 1,
    "max": 200,
    "value": 60.69999694824219
  },
  "/periodicFuncScale": {
    "min": 0.009999999776482582,
    "max": 10,
    "value": 0.7092999815940857
  },
  "/cols": {
    "min": 1,
    "max": 200,
    "value": 60.69999694824219
  },
  "/numFrames": {
    "min": 10,
    "max": 1000,
    "value": 237.6999969482422
  },
  "/offScl": {
    "min": 0.0010000000474974513,
    "max": 0.014999999664723873,
    "value": 0.0029600001871585846
  },
  "/sliderSeed": {
    "min": 10000,
    "max": 99999,
    "value": 66699.375
  },
  "/ani1trans": {"value": 4},
  "/ani2Start": {
    "min": 0,
    "max": 1,
    "value": 0.5
  },
  "/rad": {
    "min": 0.009999999776482582,
    "max": 5,
    "value": 1.2075998783111572
  },
  "/ani2Dur": {
    "min": 0,
    "max": 1,
    "value": 0.20000000298023224
  },
  "/label": {
    "stringValue": "24.37FPS",
    "value": 0
  },
  "/offMultX": {
    "min": 0,
    "max": 1000,
    "value": 310
  },
  "/offMultY": {
    "min": 0,
    "max": 1000,
    "value": 310
  },
  "/ani1Dur": {
    "min": 0,
    "max": 1,
    "value": 0.20000000298023224
  },
  "/scl": {
    "min": 0.0010000000474974513,
    "max": 0.0989999994635582,
    "value": 0.0010000000474974513
  },
  "/mx": {
    "min": 0.009999999776482582,
    "max": 1,
    "value": 0.6633999347686768
  },
  "/my": {
    "min": 0.009999999776482582,
    "max": 1,
    "value": 0.8316999673843384
  },
  "/bgFill": {
    "min": 0,
    "max": 255,
    "value": 50
  },
  "/dotSizePct": {
    "min": 0,
    "max": 0.009999999776482582,
    "value": 1.9999999494757503E-4
  }
}