{
  "/rows": {
    "min": 1,
    "max": 300,
    "value": 9.970000267028809
  },
  "/periodicFuncScale": {
    "min": 0.009999999776482582,
    "max": 10,
    "value": 7.702300071716309
  },
  "/cols": {
    "min": 1,
    "max": 2130,
    "value": 171.3199920654297
  },
  "/numFrames": {
    "min": 10,
    "max": 1000,
    "value": 600
  },
  "/offScl": {
    "min": 0.0010000000474974513,
    "max": 0.014999999664723873,
    "value": 0.014999999664723873
  },
  "/sliderSeed": {
    "min": 10000,
    "max": 99999,
    "value": 82899.1875
  },
  "/rad": {
    "min": 0.009999999776482582,
    "max": 5,
    "value": 1.7564998865127563
  },
  "/offMultX": {
    "min": 0,
    "max": 1000,
    "value": 20
  },
  "/offMultY": {
    "min": 0,
    "max": 1000,
    "value": 20
  },
  "/mx": {
    "min": 0.009999999776482582,
    "max": 1,
    "value": 0.7128999829292297
  },
  "/scl": {
    "min": 0.0010000000474974513,
    "max": 0.0989999994635582,
    "value": 0.05979999154806137
  },
  "/my": {
    "min": 0.009999999776482582,
    "max": 1,
    "value": 0.13870000839233398
  },
  "/bgFill": {
    "min": 0,
    "max": 255,
    "value": 50
  },
  "/dotSizePct": {
    "min": 0,
    "max": 0.009999999776482582,
    "value": 0.002599999774247408
  }
}