{
  "/rows": {
    "min": 1,
    "max": 300,
    "value": 12.960000038146973
  },
  "/periodicFuncScale": {
    "min": 0.009999999776482582,
    "max": 10,
    "value": 0.8091999292373657
  },
  "/cols": {
    "min": 1,
    "max": 2130,
    "value": 64.8699951171875
  },
  "/numFrames": {
    "min": 10,
    "max": 1000,
    "value": 59.499996185302734
  },
  "/offScl": {
    "min": 0.0010000000474974513,
    "max": 0.014999999664723873,
    "value": 0.0011400000657886267
  },
  "/sliderSeed": {
    "min": 10000,
    "max": 99999,
    "value": 18099.91015625
  },
  "/rad": {
    "min": 0.009999999776482582,
    "max": 5,
    "value": 2.355299949645996
  },
  "/offMultX": {
    "min": 0,
    "max": 1000,
    "value": 599.9999389648438
  },
  "/offMultY": {
    "min": 0,
    "max": 1000,
    "value": 380
  },
  "/mx": {
    "min": 0.009999999776482582,
    "max": 1,
    "value": 0.04959999769926071
  },
  "/scl": {
    "min": 0.0010000000474974513,
    "max": 0.0989999994635582,
    "value": 0.02353999763727188
  },
  "/my": {
    "min": 0.009999999776482582,
    "max": 1,
    "value": 0.04959999769926071
  },
  "/bgFill": {
    "min": 0,
    "max": 255,
    "value": 255
  },
  "/dotSizePct": {
    "min": 0,
    "max": 0.009999999776482582,
    "value": 0.0015999999595806003
  }
}