{
  "/rows": {
    "min": 1,
    "max": 300,
    "value": 183.38999938964844
  },
  "/periodicFuncScale": {
    "min": 0.009999999776482582,
    "max": 10,
    "value": 3.0069997310638428
  },
  "/cols": {
    "min": 1,
    "max": 3,
    "value": 2.3600001335144043
  },
  "/numFrames": {
    "min": 10,
    "max": 1000,
    "value": 600
  },
  "/offScl": {
    "min": 0.0010000000474974513,
    "max": 0.014999999664723873,
    "value": 0.007439999841153622
  },
  "/sliderSeed": {
    "min": 10000,
    "max": 99999,
    "value": 39699.66796875
  },
  "/rad": {
    "min": 0.009999999776482582,
    "max": 5,
    "value": 1.1077998876571655
  },
  "/offMultX": {
    "min": 0,
    "max": 1000,
    "value": 560
  },
  "/offMultY": {
    "min": 0,
    "max": 1000,
    "value": 560
  },
  "/mx": {
    "min": 0.009999999776482582,
    "max": 1,
    "value": 0.4851999878883362
  },
  "/scl": {
    "min": 0.0010000000474974513,
    "max": 0.0989999994635582,
    "value": 0.040199995040893555
  },
  "/my": {
    "min": 0.009999999776482582,
    "max": 1,
    "value": 0.22780001163482666
  },
  "/bgFill": {
    "min": 0,
    "max": 255,
    "value": 181.04998779296875
  },
  "/dotSizePct": {
    "min": 0,
    "max": 0.009999999776482582,
    "value": 0.009999999776482582
  }
}